{
  "hash": "7963a483",
  "configHash": "a8119e7a",
  "lockfileHash": "adb81409",
  "browserHash": "67a560cb",
  "optimized": {
    "@angular/common": {
      "src": "../../../../../../node_modules/@angular/common/fesm2022/common.mjs",
      "file": "@angular_common.js",
      "fileHash": "283df546",
      "needsInterop": false
    },
    "@angular/common/http": {
      "src": "../../../../../../node_modules/@angular/common/fesm2022/http.mjs",
      "file": "@angular_common_http.js",
      "fileHash": "31f5ad3b",
      "needsInterop": false
    },
    "@angular/core": {
      "src": "../../../../../../node_modules/@angular/core/fesm2022/core.mjs",
      "file": "@angular_core.js",
      "fileHash": "b396a174",
      "needsInterop": false
    },
    "@angular/forms": {
      "src": "../../../../../../node_modules/@angular/forms/fesm2022/forms.mjs",
      "file": "@angular_forms.js",
      "fileHash": "ceb84db7",
      "needsInterop": false
    },
    "@angular/platform-browser": {
      "src": "../../../../../../node_modules/@angular/platform-browser/fesm2022/platform-browser.mjs",
      "file": "@angular_platform-browser.js",
      "fileHash": "0b8bc697",
      "needsInterop": false
    },
    "@angular/router": {
      "src": "../../../../../../node_modules/@angular/router/fesm2022/router.mjs",
      "file": "@angular_router.js",
      "fileHash": "0407c276",
      "needsInterop": false
    },
    "jwt-decode": {
      "src": "../../../../../../node_modules/jwt-decode/build/esm/index.js",
      "file": "jwt-decode.js",
      "fileHash": "21aa8353",
      "needsInterop": false
    }
  },
  "chunks": {
    "chunk-RREJ5S2E": {
      "file": "chunk-RREJ5S2E.js"
    },
    "chunk-YQ4IOKAN": {
      "file": "chunk-YQ4IOKAN.js"
    },
    "chunk-K3IGZTAB": {
      "file": "chunk-K3IGZTAB.js"
    },
    "chunk-DCAP3YLJ": {
      "file": "chunk-DCAP3YLJ.js"
    },
    "chunk-SO6Y4JJA": {
      "file": "chunk-SO6Y4JJA.js"
    },
    "chunk-WDMUDEB6": {
      "file": "chunk-WDMUDEB6.js"
    }
  }
}